{"aggregated_loss": {"0": 0, "1": 1.4572503169377644, "2": 1.1140749057133992, "3": 0.980726420879364, "4": 0.8649920423825582, "5": 0.8237911065419515, "6": 0.7948866287867228, "7": 0.7604745825131735, "8": 0.7572019100189209, "9": 0.7663133144378662, "10": 0.7664728164672852}, "aggregated_accuracy": {"0": 0, "1": 0.506250003973643, "2": 0.6166666746139526, "3": 0.6729166706403097, "4": 0.7093749841054281, "5": 0.7354166507720947, "6": 0.743749996026357, "7": 0.7364583412806193, "8": 0.765625, "9": 0.7562499841054281, "10": 0.762500007947286}}