{"aggregated_loss": {"0": 0, "1": 1.5203241109848022, "2": 1.0940471092859905, "3": 0.9550847212473551, "4": 0.873913586139679, "5": 0.8390470345815023, "6": 0.8557895024617513, "7": 0.7830351193745931, "8": 0.7536531289418539, "9": 0.7682215372721354, "10": 0.7662431995073954}, "aggregated_accuracy": {"0": 0, "1": 0.4937500059604645, "2": 0.612499992052714, "3": 0.662500003973643, "4": 0.706250011920929, "5": 0.712499996026357, "6": 0.7197916706403097, "7": 0.740625003973643, "8": 0.7552083333333334, "9": 0.756250003973643, "10": 0.7583333253860474}}